{
  "current": "Base",
  "presets": {
    "Base": {
      "__checkout_use_header_background_image": false,
      "__checkout_header_background_image": "",
      "__checkout_logo": "text",
      "__checkout_header_logo_image": "",
      "__checkout_logo_image_size": "medium",
      "__checkout_header_logo_image_position": "left",
      "__checkout_use_body_background_image": false,
      "__checkout_body_background_image": "",
      "__checkout_body_background_color": "#f5f5f5",
      "__checkout_box_use_shadow": true,
      "__checkout_use_box_background_image": false,
      "__checkout_box_background_image": "",
      "__checkout_box_background_color": "#FFFFFF",
      "__checkout_box_border_width": "0px",
      "__checkout_box_border_color": "#d9d9d9",
      "__checkout_separator_width": "1px",
      "__checkout_separator_color": "#eeeeee",
      "__checkout_body_font": "",
      "__checkout_heading_font": "",
      "__checkout_color_accents": "#2196f3",
      "__checkout_buttons_color": "#17bf1c",
      "__checkout_errors_color": "#d95a5a",
      "brand_main_color": "#1daaa3",
      "body_background_color": "#ffffff",
      "sidebar_menu_bg_gradient_color_one": "#000000",
      "sidebar_menu_text_color": "#ffffff",
      "sidebar_menu_links_color": "#ffffff",
      "sidebar_menu_links_color_hover": "#ffffff",
      "slide_bg_color": "#fbfbfb",
      "slider_nav_bg_color": "#000000",
      "slide_1_title_color": "#ffffff",
      "slide_1_description_color": "#ffffff",
      "slide_1_btn_text_color": "#ffffff",
      "slide_1_btn_bg_color": "#1daaa3",
      "slide_1_btn_text_hover_color": "#ffffff",
      "slide_1_btn_bg_hover_color": "#222222",
      "slide_1_brand_logo": "#b0b0b0",
      "slide_1_brand_logo_active": "#1daaa3",
      "slide_2_title_color": "#ffffff",
      "slide_2_description_color": "#ffffff",
      "slide_2_btn_text_color": "#ffffff",
      "slide_2_btn_bg_color": "#1daaa3",
      "slide_2_btn_text_hover_color": "#1daaa3",
      "slide_2_btn_bg_hover_color": "#222222",
      "slide_2_brand_logo": "#b0b0b0",
      "slide_2_brand_logo_active": "#1daaa3",
      "slide_3_title_color": "#ffffff",
      "slide_3_description_color": "#ffffff",
      "slide_3_btn_text_color": "#ffffff",
      "slide_3_btn_bg_color": "#1daaa3",
      "slide_3_btn_text_hover_color": "#1daaa3",
      "slide_3_btn_bg_hover_color": "#222222",
      "slide_3_brand_logo": "#b0b0b0",
      "slide_3_brand_logo_active": "#1daaa3",
      "slide_4_title_color": "#ffffff",
      "slide_4_description_color": "#ffffff",
      "slide_4_btn_text_color": "#ffffff",
      "slide_4_btn_bg_color": "#1daaa3",
      "slide_4_btn_text_hover_color": "#1daaa3",
      "slide_4_btn_bg_hover_color": "#222222",
      "slide_4_brand_logo": "#b0b0b0",
      "slide_4_brand_logo_active": "#1daaa3",
      "slide_1_img": true,
      "slide_2_img": false,
      "slide_3_img": false,
      "slide_4_img": false,
      "headings_color": "#000000",
      "headings_second_color": "#999999",
      "body_font_color": "#515151",
      "main_link_color": "#515151",
      "main_link_color_hover": "#1daaa3",
      "btn_text_color": "#ffffff",
      "btn_text_color_hover": "#1daaa3",
      "btn_bg_color": "#1daaa3",
      "btn_bg_color_hover": "#222222",
      "product_card_bottom_bar_color": "#cccccc",
      "product_card_bottom_bar_color_hover": "#1daaa3",
      "product_card_background_color": "#ffffff",
      "product_compared_price_color": "#f44336",
      "enable_product_image_zoom": true,
      "body_font": "Google+Open+Sans",
      "body_font_weight": "300",
      "body_font_size": "14",
      "body_font_type": "sans-serif",
      "heading_font": "Google+Roboto",
      "heading_font_weight": "400",
      "heading_font_size": "40",
      "heading_font_type": "sans-serif",
      "subheading_font": "Google+Roboto",
      "subheading_font_weight": "300",
      "subheading_font_type": "sans-serif",
      "heading_uppercase_titles": false,
      "slide_heading_font": "Google+Roboto",
      "slide_heading_font_type": "sans-serif",
      "slide_heading_font_weight": "100",
      "slide_heading_font_size": "54",
      "use_logo": false,
      "nav_logo": "",
      "use_favicon": false,
      "favicon.png": "",
      "footer_display_contact_data": true,
      "footer_contact_data": "Calle Principal #000+52 1 000 000 0000",
      "footer_display_social": true,
      "footer_display_payment_methods": true,
      "accept_visa": true,
      "accept_mastercard": true,
      "accept_amex": true,
      "accept_paypal": true,
      "accept_oxxo": true,
      "accept_spei": false,
      "accept_cash": false,
      "policy_url": "",
      "frontpage_section_1": "featured-slider",
      "frontpage_section_2": "featured-products",
      "frontpage_section_3": "featured-banner",
      "frontpage_section_4": "featured-collections",
      "frontpage_section_5": "featured-newsletter",
      "featured_products_collection": "inicio",
      "featured_products_collection_description": "Lorem Ipsum",
      "featured_products_limit": "8",
      "home_banner_image": true,
      "home_banner_responsive": false,
      "home_banner_image_url": "",
      "home_banner_background_color": "#cccccc",
      "home_banner_title": "LOREM IPSUM",
      "home_banner_title_color": "#ffffff",
      "home_banner_desc": "Lorem ipsum dolor sit amet, consectetur.",
      "home_banner_desc_align": "left",
      "home_banner_desc_color": "#ffffff",
      "home_banner_btn": true,
      "home_banner_btn_text": "Comprar ahora",
      "home_banner_btn_url": "",
      "home_banner_btn_text_color": "#ffffff",
      "home_banner_btn_bg_color": "#1daaa3",
      "home_banner_btn_text_color_hover": "#1daaa3",
      "home_banner_btn_bg_color_hover": "#222222",
      "home_collections_title": "Colecciones destacadas",
      "home_collections_description": "Estas son nuestras selecciones más importantes.",
      "featured_collection_1": "inicio",
      "featured_collection_2": "",
      "featured_collection_3": "",
      "featured_collection_4": "",
      "featured_collection_5": "",
      "featured_collection_6": "",
      "slide_1": true,
      "slide_1_img_background": "",
      "slide_1_title": "Lorem Ipsum",
      "slide_1_description": "Consectetur adipiscing elit",
      "slide_1_btn": true,
      "slide_1_btn_text": "Ver más",
      "slide_1_btn_buy_link": "",
      "slide_2": true,
      "slide_2_img_background": "",
      "slide_2_title": "Lorem Ipsum",
      "slide_2_description": "Consectetur adipiscing elit",
      "slide_2_btn": true,
      "slide_2_btn_text": "Ver más",
      "slide_2_btn_buy_link": "",
      "slide_3": true,
      "slide_3_img_background": "",
      "slide_3_title": "Lorem Ipsum",
      "slide_3_description": "Consectetur adipiscing elit",
      "slide_3_btn": true,
      "slide_3_btn_text": "Ver más",
      "slide_3_btn_buy_link": "",
      "slide_4": true,
      "slide_4_img_background": "",
      "slide_4_title": "Lorem Ipsum",
      "slide_4_description": "Consectetur adipiscing elit",
      "slide_4_btn": true,
      "slide_4_btn_text": "Ver más",
      "slide_4_btn_buy_link": "",
      "slider_text_has_overlay": true,
      "slider_has_overlay": true,
      "show_vendor_name": true,
      "show_sku_code": false,
      "product_tagcolor": false,
      "thumbnail_form": "thumbnail_portrait",
      "product_ribbon_text": "OFERTA",
      "product_compared_text": "Precio normal: ",
      "product_view_text": "Ver más",
      "btn_product_buy_in_list": true,
      "btn_product_buy_now_text": "Comprar Ya",
      "related_products": true,
      "map_is_enabled": true,
      "map_address": "Mexico City",
      "map_zoom": "14",
      "map_marker": true,
      "map_api_key": "",
      "show_newsletter": true,
      "featured_newsletter_text": "¡Entérate de nuestras ofertas!",
      "featured_newsletter_title_color": "#ffffff",
      "featured_newsletter_background_color": "#ffffff",
      "featured_newsletter_text_shadow": true,
      "featured_newsletter_overlay": true,
      "featured_newsletter_background_img": "",
      "newsletter_modal": false,
      "newsletter_modal_development": false,
      "newsletter_modal_title": "¡Entérate de nuestras ofertas!",
      "newsletter_modal_title_color": "#ffffff",
      "newsletter_modal_description": "Sólo te enviaremos lo más importante. ¡También odiamos el spam!",
      "newsletter_modal_description_color": "#ffffff",
      "newsletter_modal_btn": "Suscribirse",
      "newsletter_modal_background_image": "",
      "newsletter_modal_image_enable": false,
      "newsletter_modal_background_color": "#0B3861",
      "cart_title": "Carrito de compras",
      "cart_description": "En caso de cualquier duda, aquí estaremos para ti.",
      "cart_btn_buy_text": "Proceder a comprar",
      "cart_btn_more_text": "Comprar más",
      "facebook_link": "",
      "twitter_link": "",
      "google_link": "",
      "instagram_link": "",
      "pinterest_link": "",
      "youtube_link": "",
      "vimeo_link": "",
      "tumblr_link": "",
      "whatsapp_link": "",
      "enable_share_products": true,
      "enable_share_blog": true,
      "share_facebook": true,
      "share_twitter": true,
      "share_pinterest": true,
      "share_google": true,
      "max_cart_items": "10",
      "product_image_zoom_in_text": "Clic para zoom",
      "product_image_zoom_out_text": "Clic para salir",
      "orderby_name": true,
      "orderby_created": true,
      "orderby_price": true,
      "orderby_name_ascending_text": "Alfabéticamente A-Z",
      "orderby_name_descending_text": "Alfabéticamente Z-A",
      "orderby_created_ascending_text": "Fecha: Nuevos a viejos",
      "orderby_created_descending_text": "Fecha: Viejos a nuevos",
      "orderby_price_ascending_text": "Precio: Menor a mayor",
      "orderby_price_descending_text": "Precio: Mayor a menor",
      "enabled_gift_option": true,
      "gift_title_message": "Esto es un regalo. Incluir el siguiente mensaje (150 caracteres máximo).",
      "gift_btn_message": "Guardar",
      "enabled_customer_note_option": true,
      "customer_title_note": "Agrega alguna nota o comentario al vendedor:",
      "customer_btn_note_text": "Agregar nota"
    }
  }
}
